0_state,1_state,2_state,3_state,4_state,5_state,6_state,7_state,8_state
32.91911594925089,62.66955441246937,215.28396648173108,62.93082355640598,394.09548262465955,238.4206382928578,417.8723561421551,720.703805502686,715.813937046859
