0_state,1_state,2_state,3_state,4_state,5_state,6_state,7_state,8_state
150.78383845511604,218.50769690525308,713.2967506773828,171.52832550385256,1748.2866289839847,771.6924152177454,1816.3640076437887,880.4278163918991,887.3243367775264
