0_state,1_state,2_state,3_state,4_state,5_state,6_state,7_state,8_state,9_state,10_state,11_state,12_state,13_state,14_state,15_state,16_state,17_state,18_state,19_state,20_state,21_state,22_state,23_state,24_state,25_state,26_state,27_state,28_state,29_state
0.0,0.0,4.605350857484781,10.800480799388374,23.83774454432231,6.272483731243091,40.678954935273346,9.839662539473776,53.258754999936485,3.9683729806269445,9.614131064080539,0.950085561142367,3.3153979797415714,7.118375455314042,16.541323396081033,0.6561008228248114,0.5808393675293462,13.03134828702133,8.348972442598633,112.78077878659022,80.90465043421335,1.0221971977869282,2.028258703796931,71.77343759872215,176.47237461450806,155.25712082888157,125.23910319920887,193.1608836555661,170.89969556745194,230.24633415467952
