0_state,1_state,2_state,3_state,4_state,5_state,6_state,7_state,8_state
0.0,0.031490436692145025,51.62075101009532,8.558818637448699,98.46213394242645,39.56014383762327,99.62025817127005,15.66160346648481,16.66950382145309
