0_state,1_state,2_state,3_state,4_state,5_state,6_state,7_state
0.0,64.06445434469244,65.34588509284251,539.4009741481161,91.75326842679824,1039.2349412572996,425.1682511168789,1047.338114877523
