0_state,1_state,2_state,3_state,4_state,5_state,6_state,7_state
0.0,249.1062656255412,252.05566030361334,553.296432928176,108.90102209497446,1020.5520567684126,466.6415134027489,1033.5658317013526
