0_channel,1_channel
0.0,0.0
0.008713160431383593,0.0
3.4915615635049424e-06,0.0
0.0018431090868606561,0.0
0.0030594347750437225,0.0
0.00015289534654928024,0.0
0.0,0.0
0.0,0.0
0.010204931674775526,0.0
2.165265050092313e-06,0.0
0.0,0.0
0.0009589292982070299,0.0
0.0006039864431685017,0.0
0.0,0.0
0.0003025617009900029,0.0
0.0006928069547529146,0.0
0.002958934451003928,0.0
0.0,0.0
0.02231860873371235,0.0
0.005075163776893201,0.0
0.0010455797106867456,0.0
0.000444745078685937,0.0
0.0,0.0
0.004646209952786098,0.0
0.0,0.0
0.0005867457249723037,0.0
0.0,0.0
0.00011640119289482167,0.0
0.002021386703314508,0.0
0.00047437885540305673,0.0
0.0,0.0
0.0,0.0
0.014007051182806984,0.0
0.0,0.0
0.00012371454689556302,0.0
0.0,0.0
0.0,0.0
8.144208183883448e-05,0.0
0.06155224839230977,0.0
4.0249658539088956e-05,0.0
0.0,0.0
5.433303277013146e-06,0.0
0.006215081077830276,0.0
0.0,0.0
0.0,0.0
0.020402176276927437,0.0
0.028033580163457056,0.0
0.023468484969542965,0.0
0.04169366666589022,0.0
9.780910293275184e-05,0.0
0.009056199047036088,0.0
0.0008353434518270987,0.0
0.005828349925444751,0.0
0.01244035787940063,0.0
0.002857104312462268,0.0
0.0,0.0
0.0,0.0
0.08223890856541359,0.0
0.0,0.0
0.0,0.0
0.007160751238848788,0.0
0.0,0.0
0.0,0.0
0.01959147238785501,0.0
0.03099829022498582,0.0
2.1161168237814724e-05,0.0
0.0,0.0
0.1562094271875246,0.0
9.884061698234828e-05,0.00010362277859854797
0.0,0.0
2.0630735483362602e-05,0.0
0.028707253944827493,0.0
0.0,0.0
0.005733114530863473,0.0
0.0,0.0
0.003679520745601654,0.0
0.002262552120415451,0.0
0.0007271892236617165,0.0
0.0,0.0
0.0,0.0
0.0005699937191649934,0.0
0.022796535799019874,0.0
0.0,0.0
0.0,0.0
0.0003830218739053886,0.0
0.0,0.0
0.0,0.0
0.000488607348226311,0.0
0.0,0.0
0.0,0.0
0.00028098128911890923,0.0
1.6626206556148033e-05,0.0
2.205476122524144e-09,0.0
0.00015789907843445424,0.0
0.017181233652025913,0.0
0.00016387272741675326,0.0
0.0,0.0
0.0,0.0
0.0,0.0
8.053372713182609e-07,0.0
