0_channel,1_channel
0.0,0.0
0.011390650029028018,0.0
0.0,0.0
0.0,0.0
0.012743733199466272,0.0
0.005256060173370361,0.0
0.00015132476525407318,0.0
0.0006188690022776354,0.0
0.0,0.0
0.00468577437087035,0.0
3.756222581311882e-05,0.0
3.374610270334593e-05,0.0
1.9331996331231223e-07,0.0
0.0,0.0
0.06584139044804369,0.0
0.0,0.0
0.022275992656829214,0.0
5.05888631070286e-05,0.0
0.014802330391987159,0.0
0.0,0.0
0.0008739734412852354,0.0
0.019524216583669145,0.0
0.05079281212269023,0.0
6.9106647768312086e-06,0.0
0.0,0.0
0.0,0.0
0.0,0.0
0.00040129502980874756,0.0
0.0,0.0
0.022116793855180065,0.0
0.0,0.0
0.0004476771529313626,0.0
0.057041832082519374,0.0
0.0,0.0
0.001122140113210073,0.0
0.0,0.0
0.0015938615000178045,0.0
0.0,0.0
0.0,0.0
0.00015094250877224096,0.0
0.007437235076554724,0.0
0.003403010216950742,0.0
0.0,0.0
0.0,0.0
0.0,0.0
0.0,0.0
0.00024772133907490813,0.0
0.0120009164584085,0.0
6.046623184022714e-05,0.0
0.009516247296782326,0.0
0.047313855178675326,8.623471207368138e-07
0.000771790319054905,0.0
0.0011971212625306368,0.0
0.0,0.0
1.268276180645975e-07,0.0
0.0021147412650514997,0.0
0.007278025014724644,0.0
0.0,0.0
0.0,0.0
0.014425075000097405,0.0
0.0,0.0
0.008661374451598283,0.0
0.045279033798633406,0.0
2.801557011251004e-06,0.0
0.0030522780896658115,0.0
0.00023220437751433518,0.0
0.008511511347454061,0.0
5.0973021392383045e-05,0.0
0.0,0.0
0.0,0.0
0.009246999454691781,0.0
0.0,0.0
0.0,0.0
0.006251325797607974,0.0
0.025368529712421817,0.0
0.0020223121287883125,0.0
0.0,0.0
0.0,0.0
0.0,0.0
0.0,0.0
0.0,0.0
0.0014221642899589068,0.0
1.4170409717305084e-08,0.0
0.0026300419291514997,0.0
0.004884300262785214,0.0
0.003372076198350894,0.0
0.0,0.0
3.708538654366047e-05,0.0
0.002109543146873759,0.0
2.756963007854121e-05,0.0
0.011616839877090735,0.0
0.0,0.0
0.0,0.0
0.00014596490200405622,0.0
0.0,0.0
0.0,0.0
0.0,0.0
0.00010647914798195328,0.0
0.0,0.0
0.00413145253664142,0.0
