0_channel,1_channel
0.0007917058505984892,0.0
0.0015712866126591299,0.0
0.0013332299526024021,0.0
0.0021845189037734045,0.0
3.237350112381645e-05,0.0
0.0,0.0
0.08902681017788495,0.0
0.00016649351615694464,0.0
1.0145722822587265e-05,0.0
0.0002225440558348274,0.0
0.0005890001281111259,0.0
0.0,0.0
6.361993716101111e-06,0.0
0.0,0.0
0.0005243968175305679,0.0
0.0,0.0
0.0006339257015807359,0.0
3.059854403855761e-05,0.0
0.0,0.0
0.011572285911241289,0.0
2.301691315135855e-06,0.0
0.002662991099349093,0.0
0.0,0.0
0.022792589530701193,0.0
2.8997855841134404e-08,0.0
6.321151506940342e-05,0.0
0.0,0.0
0.0,0.0
0.00038902569784903315,0.0
0.004975444853147061,0.0
0.0,0.0
0.0,0.0
0.0,0.0
0.04028494867433674,0.0
0.03644028110354689,0.0
0.0,0.0
0.03028938269695552,0.0
2.4115537835639253e-09,0.0
0.0,0.0
0.008227797413143523,0.0
3.964114208377573e-05,0.0
0.0,0.0
0.00012115591812505493,0.0
4.163572680312131e-05,0.0
0.015609155549189036,0.0
0.0,0.0
0.0,0.0
0.01105368167399596,0.0
0.0,0.0
0.0,0.0
0.0036720038366789324,0.0
0.00027016965667719597,0.0
0.0005954259191832726,0.0
0.018630840623050662,0.0
0.0,0.0
0.006840257475084779,0.0
0.03629727687669618,0.0
0.0,0.0
0.0002974087022976232,0.0
0.0,0.0
0.10327187188096225,0.0
0.0,0.0
0.009584199265078698,0.0
0.0,0.0
0.0,0.0
0.0,0.0
0.0007304729008660107,0.0
0.003841774386743259,0.0
0.0,0.0
0.0,0.0
3.359347126430737e-05,0.0
0.0,0.0
0.00010629408458132213,0.0
0.0,0.0
0.015456571747561288,0.0
0.0,0.0
0.0,0.0
0.0,0.0
0.0,0.0
0.0018526956547319081,0.0
0.004554796110910794,0.0
0.0010479754702377255,0.0
0.0,0.0
0.007447640814694277,0.0
0.06745773314108684,0.0
0.019471398675215277,0.0
0.0,0.0
0.02182485631505688,0.0
0.02336027459512958,0.0
0.0,0.0
0.004870366111362349,0.0
0.0,0.0
0.013130623150108009,0.0
0.0,0.0
0.0017807288838222845,0.0
0.003362521971958987,0.0
0.0,0.0
6.798960264967766e-11,0.0
0.0,0.0
0.03680630549408569,0.0
