0_channel,1_channel
3.3296954512660477e-06,0.0
0.0,0.0
4.2241285862872394e-07,0.0
0.0,0.0
0.0,0.0
0.0,0.0
0.0,0.0
0.0002577667121996075,0.0
0.0005680133154998611,0.0
0.0,0.0
0.0,0.0
0.004102697299253859,0.0
0.0,0.0
0.014161818418292187,0.0
0.03894562558316475,3.254649910735639e-05
0.022765724530265114,0.0
0.0,0.0
0.001198759581814319,0.0
4.8120127221298595e-06,0.0
1.9117883240424365e-05,0.0
0.022047487867441783,0.0
2.0706956353597314e-06,0.0
0.004466144763649351,0.0
0.0003084706195842055,0.0
0.1031598311378675,0.0
0.0,0.0
0.002758640094087445,0.0
0.0,0.0
0.0008129895021794147,0.0
0.0019560367402768684,0.0
0.0,0.0
0.0021201516245271186,0.0
0.010567024549754042,0.0
0.0,0.0
4.784323096835595e-07,0.0
0.0016145479061398815,0.0
0.0,0.0
0.0,0.0
0.0,0.0
0.0,0.0
1.2863960345417178e-05,0.0
0.0,0.0
1.7356145564247997e-05,0.0
0.0,0.0
0.007201018903636334,0.0
0.07448628297089334,0.0
0.0,0.0
0.03224107279157018,0.0
6.435618569227212e-05,0.0
0.0006657000866154557,0.0
0.003934745816414155,0.0
0.0,0.0
0.0,0.0
1.8136085110019076e-05,0.0
0.0,0.0
0.027767154142007155,0.0
0.0,0.0
0.0,0.0
4.41930153222208e-05,0.0
0.00013609712691523798,0.0
0.0,0.0
0.010722798746795981,0.0
0.0,0.0
0.0,0.0
0.007308748094762409,0.0
0.001899006086006802,0.0
0.0006981009659850787,0.0
0.0,0.0
0.0,0.0
0.0,0.0
0.007292173612745506,0.0
0.004068485653904673,0.0
0.0,0.0
0.0,0.0
0.0008157149492255632,0.0
0.000436879926378241,0.0
0.34833723801474864,0.0
0.004491506042391522,0.0
0.022039573065840284,0.0
0.0007747772058842137,0.0
0.0,0.0
0.010024093852970564,0.0
0.0,0.0
0.002438537694060689,0.0
0.01146434143674439,0.0
0.06753177724108962,0.0
0.006053751082505286,0.0
0.0,0.0
0.0,0.0
4.477663640050358e-06,0.0
0.0,0.0
6.764392694759299e-06,0.0
0.0,0.0
0.0,0.0
0.0,0.0
1.6572044992687195e-05,0.0
0.012772174194401104,0.0
4.1209527144011914e-06,0.0
2.9407215429142925e-08,0.0
0.0001329296615196567,0.0
