0_channel,1_channel
7.161876147507164e-05,0.0
0.0006350851467846159,0.0
0.028374060502633653,0.0
0.0,0.0
0.00744671875754302,0.0
0.0,0.0
0.00034373893023247157,0.0
0.0,0.0
0.0,0.0
0.0,0.0
0.003628433576692667,0.0
0.0,0.0
0.008339140134726345,0.0
0.011061518867976834,0.0
0.0,0.0
0.0008324277503084775,0.0
0.0,0.0
0.0,0.0
0.0025697074150760205,0.0
0.0,0.0
2.8179087836922897e-06,0.0
0.0,0.0
2.4656333083945927e-06,0.0
0.011208292153828018,0.0
0.0022631373329408404,0.0
0.003681717987824426,0.0
0.0034111091997340443,0.0
0.00845752216223141,0.0
2.40833802699582e-06,0.0
0.001480814071101507,0.0
0.0,0.0
0.0,0.0
0.025394199030060304,0.0
0.0,0.0
0.0035347298455002444,0.0
0.0,0.0
0.0,0.0
0.008277174059616053,0.0
0.0029270256734375416,0.0
0.0,0.0
0.0,0.0
0.026681373831343856,0.0
0.012772067392984124,0.0
0.0009953482888868856,0.0
0.0007264855624009236,0.0
0.0,0.0
0.00023803538485919594,0.0
1.8248077894750365e-06,0.0
1.8783996616006833e-05,0.0
0.000197921433805761,0.0
0.0,0.0
0.0,0.0
0.013366891612872382,0.0
0.0,0.0
0.005778756558831324,0.0
0.0,0.0
0.0006228257305113405,0.0
0.0,0.0
0.0,0.0
0.003916988133503547,0.0
9.220999337331072e-06,0.0
0.007578056038080808,0.0
0.011035643708485416,0.0
0.0,0.0
1.6640501648528516e-06,0.0
0.00011041061571749951,0.0
0.0,0.0
0.0004867869458485972,0.0
0.0025853955570876645,0.0
5.844728084828639e-05,0.0
0.0,0.0
0.0,0.0
0.0034583801637431103,0.0
0.00021990055069638105,0.0
0.012154242051821959,0.0
0.0,0.0
0.006655942324838677,0.0
0.051768571937772394,0.0
0.01179447917558294,0.0
0.015671123047719043,0.0
0.0016006433626751836,0.0
1.0649853077659554e-05,0.0
0.0039264482821982855,0.0
4.0298638711859664e-08,0.0
0.0,0.0
0.006231824657616413,0.0
0.0,0.0
0.0,0.0
0.00011284839426035089,0.0
0.0,0.0
0.0,0.0
0.008101044422706866,0.0
0.007557109235412977,0.0
0.005500698231761017,0.0
0.008461884400965281,0.0
0.0,0.0
0.04913404186898073,0.0
3.478967414498829e-05,0.0
4.5844841519362184e-06,0.0
0.0,0.0
